interaction,Vitamin.A,Food.code,Main.food.description,WWEIA.Category.code,WWEIA.Category.description,Energy,Protein,Carbohydrate,Sugars,Fiber,Total.Fat,Cholesterol,Retinol,Carotene,Carotene1,Thiamin,Riboflavin,Niacin,Vitamin.B.6,Folate,Vitamin.B.12,Vitamin.C,Vitamin.D,Vitamin.E,Vitamin.K,Calcium,Magnesium,Iron,Zinc,Copper,Selenium,Potassium,Sodium,Price,Portion.weight,Two.Food.code,Four.Food.code
Almond butter_16g,0,42200500,Almond butter,2804,Nuts and seeds,98.24,3.3536,3.0112,1.0032,1.648,8.88,0,0,0,0.16,0.00656,0.15024,0.5048,0.01648,8.48,0,0,0,3.8736,0,55.52,44.64,0.5584,0.5264,0.14944,0.384,119.68,36.32,0.236662696,16,42,4220
"Almonds, unroasted_28.35g",0,42101000,"Almonds, unroasted",2804,Nuts and seeds,164.1465,5.996025,6.109425,1.233225,3.54375,14.155155,0,0,0,0.2835,0.0581175,0.322623,1.025703,0.0388395,12.474,0,0,0,7.266105,0,76.2615,76.545,1.051785,0.88452,0.2922885,1.16235,207.8055,0.2835,0.2801365120575,28.35,42,4210
"Apple, raw_110g",3.3,63101000,"Apple, raw",6002,Apples,57.2,0.286,15.191,11.429,2.64,0.187,0,0,0,29.7,0.0187,0.0286,0.1001,0.0451,3.3,0,5.06,0,0.198,2.42,6.6,5.5,0.132,0.044,0.0297,0,117.7,1.1,0.2399350261,110,63,6310
"Apricot, raw_155g",148.8,63103010,"Apricot, raw",6018,Other fruits and fruit salads,74.4,2.17,17.236,14.322,3.1,0.6045,0,0,29.45,1695.7,0.0465,0.062,0.93,0.0837,13.95,0,15.5,0,1.3795,5.115,20.15,15.5,0.6045,0.31,0.1209,0.155,401.45,1.55,0.57523166,155,63,6310
"Asparagus, raw_134g",50.92,75100800,"Asparagus, raw",6420,Other vegetables and combinations,26.8,2.948,5.1992,2.5192,2.814,0.1608,0,0,12.06,601.66,0.19162,0.18894,1.31052,0.12194,69.68,0,7.504,0,1.5142,55.744,32.16,18.76,2.8676,0.7236,0.25326,3.082,270.68,2.68,1.0267303378,134,75,7510
"Avocado, raw_136g",9.52,63105010,"Avocado, raw",6420,Other vegetables and combinations,217.6,2.72,11.6008,0.8976,9.112,19.9376,0,0,32.64,84.32,0.09112,0.1768,2.36368,0.34952,110.16,0,13.6,0,2.8152,28.56,16.32,39.44,0.748,0.8704,0.2584,0.544,659.6,9.52,0.54093068128,136,63,6310
"Bacon, NS as to type of meat, cooked_80g",8.8,22600100,"Bacon, NS as to type of meat, cooked",2604,Bacon,374.4,27.136,1.36,0,0,28.072,79.2,8.8,0,0,0.448,0.1856,8.3656,0.428,0,0.872,0,0.32,0.336,0,8.8,24.8,0.76,2.448,0.084,40.56,399.2,1347.2,0.8069766792,80,22,2260
Bagel_69g,0,51180010,Bagel,4206,Bagels and English muffins,182.16,7.2864,36.1422,5.8167,1.104,0.9108,0,0,0,0,0.39192,0.23736,3.11535,0.0483,73.14,0,0,0,0.069,0.138,72.45,20.01,2.4633,0.5727,0.08832,14.835,73.83,291.18,0.12991097475,69,51,5118
"Baked beans, NFS_127g",1.27,41201010,"Baked beans, NFS",2802,"Beans, peas, legumes",133.35,5.7404,27.3939,10.4521,5.588,1.1303,8.89,0,0,11.43,0.04191,0.01905,0.38608,0.0635,10.16,0,0,0,0.0508,0.508,49.53,38.1,1.778,0.6477,0.21717,6.096,293.37,496.57,0.14984141609,127,41,4120
"Baked beans, vegetarian_127g",6.35,41201020,"Baked beans, vegetarian",2802,"Beans, peas, legumes",119.38,6.0325,26.8478,10.1092,5.207,0.4699,0,0,0,82.55,0.11557,0.04699,0.51689,0.1016,13.97,0,0,0,0.1905,1.016,43.18,34.29,1.5113,2.8956,0.18415,6.35,284.48,435.61,0.22132862516,127,41,4120
"Banana, raw_81g",2.43,63107010,"Banana, raw",6004,Bananas,72.09,0.8829,18.5004,9.9063,2.106,0.2673,0,0,20.25,21.06,0.02511,0.05913,0.53865,0.29727,16.2,0,7.047,0,0.081,0.405,4.05,21.87,0.2106,0.1215,0.06318,0.81,289.98,0.81,0.12821918328,81,63,6310
"Bean sprouts, raw_70g",0.7,75101000,"Bean sprouts, raw",6420,Other vegetables and combinations,21,2.128,4.158,2.891,1.26,0.126,0,0,4.2,4.2,0.0588,0.0868,0.5243,0.0616,42.7,0,9.24,0,0.07,23.1,9.1,14.7,0.637,0.287,0.1148,0.42,104.3,4.2,0.3156908545,70,75,7510
"Beans, string, green, raw_55g",19.25,75101800,"Beans, string, green, raw",6412,String beans,17.05,1.0065,3.8335,1.793,1.485,0.121,0,0,37.95,208.45,0.0451,0.0572,0.4037,0.07755,18.15,0,6.71,0,0.2255,23.65,20.35,13.75,0.5665,0.132,0.03795,0.33,116.05,3.3,0.1689814082,55,75,7510
"Beef steak, NS as to cooking method, NS as to fat eaten_153g",1.53,21101000,"Beef steak, NS as to cooking method, NS as to fat eaten",2002,"Beef, excludes ground",281.52,44.7219,0,0,0,10.3275,123.93,1.53,0,0,0.12546,0.36261,12.09924,1.03428,12.24,3.0294,0,0.153,0.459,2.295,24.48,35.19,3.6414,8.8281,0.12699,51.561,567.63,592.11,1.90734277851,153,21,2110
"Beef, oxtails, cooked_134g",0,21301000,"Beef, oxtails, cooked",2002,"Beef, excludes ground",336.34,41.272,0,0,0,17.6746,140.7,0,0,0,0.10586,0.37252,3.54832,0.38592,8.04,3.283,0,0.268,0.1876,2.278,17.42,30.82,4.891,13.6412,0.19698,35.51,349.74,526.62,1.89278522994,134,21,2130
"Beef, shortribs, cooked, NS as to fat eaten_134g",0,21304000,"Beef, shortribs, cooked, NS as to fat eaten",2002,"Beef, excludes ground",392.62,40.87,0,0,0,24.0932,123.28,0,0,0,0.08576,0.268,4.26254,0.37252,9.38,4.5962,0,0.402,0.1876,2.546,14.74,29.48,4.4756,10.3716,0.14204,29.346,415.4,509.2,0.95153785652,134,21,2130
"Beef, stew meat, cooked, NS as to fat eaten_134g",0,21410000,"Beef, stew meat, cooked, NS as to fat eaten",2002,"Beef, excludes ground",336.34,41.272,0,0,0,17.6746,140.7,0,0,0,0.10586,0.37252,3.54832,0.38592,8.04,3.283,0,0.268,0.1876,2.278,17.42,30.82,4.891,13.6412,0.19698,35.51,349.74,526.62,1.12700144302,134,21,2141
"Beets, raw_82g",1.64,75102500,"Beets, raw",6420,Other vegetables and combinations,35.26,1.3202,7.8392,5.5432,2.296,0.1394,0,0,0,16.4,0.02542,0.0328,0.27388,0.05494,89.38,0,4.018,0,0.0328,0.164,13.12,18.86,0.656,0.287,0.0615,0.574,266.5,63.96,0.57627774598,82,75,7510
"Black, brown, or Bayo beans, dry, cooked, fat not added in cooking_90g",0,41102020,"Black, brown, or Bayo beans, dry, cooked, fat not added in cooking",2802,"Beans, peas, legumes",117.9,7.929,21.222,0.288,7.83,0.486,0,0,0,0,0.2187,0.0531,0.4518,0.0621,133.2,0,0,0,0.774,2.97,24.3,63,1.881,0.999,0.1872,1.08,317.7,193.5,0.0527920875,90,41,4110
"Blackberries, raw_144g",15.84,63201010,"Blackberries, raw",6010,Berries,61.92,2.0016,13.8384,7.0272,7.632,0.7056,0,0,0,184.32,0.0288,0.03744,0.93024,0.0432,36,0,30.24,0,1.6848,28.512,41.76,28.8,0.8928,0.7632,0.2376,0.576,233.28,1.44,1.78231622544,144,63,6320
"Blueberries, raw_68g",2.04,63203010,"Blueberries, raw",6010,Berries,38.76,0.5032,9.8532,6.7728,1.632,0.2244,0,0,0,21.76,0.02516,0.02788,0.28424,0.03536,4.08,0,6.596,0,0.3876,13.124,4.08,4.08,0.1904,0.1088,0.03876,0.068,52.36,0.68,0.43970407792,68,63,6320
"Bread, pita_85g",0,51109100,"Bread, pita",4202,Yeast breads,233.75,7.735,47.345,1.105,1.87,1.02,0,0,0,0,0.50915,0.27795,3.9372,0.0289,90.95,0,0,0,0.255,0.17,73.1,22.1,2.227,0.714,0.1428,23.035,102,455.6,0.1808378961,85,51,5110
"Bread, rye_43g",0,51401010,"Bread, rye",4202,Yeast breads,111.37,3.655,20.769,1.6555,2.494,1.419,0,0,0,1.72,0.18662,0.14405,1.63615,0.03225,47.3,0,0.172,0,0.1419,0.516,31.39,17.2,1.2169,0.4902,0.07998,13.287,71.38,259.29,0.17681811087,43,51,5140
"Bread, sour dough_43g",0,51133010,"Bread, sour dough",4202,Yeast breads,116.96,4.6225,22.3084,1.9866,0.946,1.0406,0,0,0,0,0.3053,0.18361,2.07131,0.04601,52.89,0,0,0,0.0903,0.301,22.36,13.76,1.6813,0.4472,0.06536,12.298,50.31,258.86,0.15222921275,43,51,5113
"Bread, white_43g",0,51101000,"Bread, white",4202,Yeast breads,114.38,3.8055,21.2506,2.4381,1.161,1.4319,0,0,0,0,0.22919,0.10449,2.0554,0.03741,47.73,0,0,0,0.0946,0.086,61.92,9.89,1.5523,0.3182,0.04343,9.46,54.18,210.7,0.0917664118,43,51,5110
"Bread, whole wheat_43g",0,51300110,"Bread, whole wheat",4202,Yeast breads,108.36,5.3535,18.3653,1.8662,2.58,1.505,0,0,0,0.86,0.16942,0.07181,1.90834,0.09245,18.06,0,0,0,0.2365,3.354,69.23,32.25,1.0621,0.7611,0.09761,11.051,109.22,195.65,0.11083805474,43,51,5130
"Breakfast link, pattie, or slice, meatless_57g",0,41810400,"Breakfast link, pattie, or slice, meatless",2806,Processed soy products,145.35,11.5596,4.6113,0,1.596,10.3512,0,0,0,0,1.33551,0.22914,6.38115,0.47196,14.82,0,0,0,1.197,0,35.91,20.52,2.1204,0.8322,0.1425,4.218,131.67,506.16,0.54617401596,57,41,4181
"Broccoli, raw_71g",22.01,72201100,"Broccoli, raw",6408,"Dark green vegetables, excludes lettuce",24.14,2.0022,4.7144,1.207,1.846,0.2627,0,0,17.75,256.31,0.05041,0.08307,0.45369,0.12425,44.73,0,63.332,0,0.5538,72.136,33.37,14.91,0.5183,0.2911,0.03479,1.775,224.36,23.43,0.35623030646,71,72,7220
"Brussels sprouts, raw_88g",33.44,75102750,"Brussels sprouts, raw",6420,Other vegetables and combinations,37.84,2.9744,7.876,1.936,3.344,0.264,0,0,5.28,396,0.12232,0.0792,0.6556,0.19272,53.68,0,74.8,0,0.7744,155.76,36.96,20.24,1.232,0.3696,0.0616,1.408,342.32,22,0.3901167688,88,75,7510
"Cabbage, green, raw_70g",3.5,75103000,"Cabbage, green, raw",6420,Other vegetables and combinations,17.5,0.896,4.06,2.24,1.75,0.07,0,0,23.1,29.4,0.0427,0.028,0.1638,0.0868,30.1,0,25.62,0,0.105,53.2,28,8.4,0.329,0.126,0.0133,0.21,119,12.6,0.0811244567,70,75,7510
"Cantaloupe, raw_138g",233.22,63109010,"Cantaloupe, raw",6014,Melons,46.92,1.1592,11.2608,10.8468,1.242,0.2622,0,0,22.08,2787.6,0.05658,0.02622,1.01292,0.09936,28.98,0,50.646,0,0.069,3.45,12.42,16.56,0.2898,0.2484,0.05658,0.552,368.46,22.08,0.41033111958,138,63,6310
"Carrots, raw_72g",601.2,73101010,"Carrots, raw",6404,Carrots,29.52,0.6696,6.8976,3.4128,2.016,0.1728,0,0,2503.44,5965.2,0.04752,0.04176,0.70776,0.09936,13.68,0,4.248,0,0.4752,9.504,23.76,8.64,0.216,0.1728,0.0324,0.072,230.4,49.68,0.1739352132,72,73,7310
"Cashews, unsalted_28.35g",0,42104110,"Cashews, unsalted",2804,Nuts and seeds,165.2805,4.209975,8.989785,1.37781,0.82215,13.59666,0,0,0,0,0.054999,0.054999,0.384993,0.070308,18.9945,0,0,0,0.35154,10.5462,12.474,71.442,1.64997,1.539405,0.6103755,3.20355,155.358,4.536,0.2742924113055,28.35,42,4210
"Cauliflower, raw_107g",0,75107000,"Cauliflower, raw",6420,Other vegetables and combinations,26.75,2.0544,5.3179,2.0437,2.14,0.2996,0,0,0,0,0.0535,0.0642,0.54249,0.19688,60.99,0,51.574,0,0.0856,16.585,23.54,16.05,0.4494,0.2889,0.04173,0.642,319.93,32.1,0.76601034426,107,75,7510
"Cheese, cream_28.35g",87.318,14301010,"Cheese, cream",8006,"Cream cheese, sour cream, whipped cream",99.225,1.743525,1.56492,1.06596,0,9.76374,28.6335,85.9005,0.2835,16.7265,0.0065205,0.065205,0.0257985,0.015876,2.5515,0.06237,0,0,0.24381,0.59535,27.4995,2.5515,0.031185,0.14175,0.005103,2.4381,37.422,89.019,0.1708252925085,28.35,14,1430
"Cheese, Feta_38g",47.5,14104400,"Cheese, Feta",1602,Cheese,100.32,5.3998,1.5542,1.5542,0,8.0864,33.82,47.5,0,1.14,0.05852,0.32072,0.37658,0.16112,12.16,0.6422,0,0.152,0.0684,0.684,187.34,7.22,0.247,1.0944,0.01216,5.7,23.56,348.46,0.53306045156,38,14,1410
"Cheese, Mozzarella, nonfat or fat free_28.35g",36.0045,14107060,"Cheese, Mozzarella, nonfat or fat free",1602,Cheese,39.9735,8.98695,0.99225,0.41958,0.5103,0,5.103,35.154,0,11.6235,0.00567,0.08505,0.03402,0.02268,2.835,0.26082,0,0,0.03969,0.4536,272.4435,9.3555,0.087885,1.11132,0.009639,5.35815,30.051,210.6405,0.233016529599,28.35,14,1410
"Cheese, Mozzarella, whole milk_28.35g",50.7465,14107020,"Cheese, Mozzarella, whole milk",1602,Cheese,85.05,6.285195,0.620865,0.292005,0,6.336225,22.3965,49.329,0,16.1595,0.008505,0.0802305,0.029484,0.0104895,1.9845,0.64638,0,0.1134,0.053865,0.65205,143.1675,5.67,0.12474,0.82782,0.0031185,4.8195,21.546,177.7545,0.214760280609,28.35,14,1410
"Cheese, Parmesan, hard_28.35g",58.6845,14108020,"Cheese, Parmesan, hard",1602,Cheese,111.132,10.135125,0.91287,0.2268,0,7.322805,19.278,56.9835,0,18.711,0.0110565,0.094122,0.0768285,0.0257985,1.9845,0.3402,0,0.14175,0.06237,0.48195,335.664,12.474,0.23247,0.779625,0.009072,6.37875,26.082,390.096,0.459560064726,28.35,14,1410
"Cheese, Swiss_21g",60.48,14109010,"Cheese, Swiss",1602,Cheese,82.53,5.6616,0.3024,0,0,6.5079,19.53,59.43,0.21,12.81,0.00231,0.06342,0.01344,0.01491,2.1,0.6426,0,0,0.126,0.294,186.9,6.93,0.0273,0.9177,0.00987,6.3,15.12,39.27,0.22235588193,21,14,1410
"Cherries, sweet, raw_138g",4.14,63115010,"Cherries, sweet, raw",6018,Other fruits and fruit salads,86.94,1.4628,22.0938,17.6916,2.898,0.276,0,0,0,52.44,0.03726,0.04554,0.21252,0.06762,5.52,0,9.66,0,0.0966,2.898,17.94,15.18,0.4968,0.0966,0.0828,0,306.36,0,0.64983890052,138,63,6311
"Chicken breast, NS as to cooking method, skin eaten_135g",14.85,24120110,"Chicken breast, NS as to cooking method, skin eaten",2202,"Chicken, whole pieces",236.25,35.5995,0.1215,0.1215,0,10.3545,121.5,14.85,0,0,0.1053,0.18765,12.55905,0.41445,14.85,0.405,0,0,0.4455,0,21.6,33.75,0.6885,1.161,0.05535,30.105,372.6,444.15,1.02426397425,135,24,2412
"Chicken breast, NS as to cooking method, skin not eaten_135g",6.75,24120120,"Chicken breast, NS as to cooking method, skin not eaten",2202,"Chicken, whole pieces",194.4,37.854,0,0,0,4.8195,116.1,6.75,0,0,0.10935,0.17685,13.0059,0.4239,14.85,0.3645,0,0,0.432,0,17.55,33.75,0.621,1.1745,0.05535,31.185,383.4,442.8,0.7877635776,135,24,2412
"Chicken drumstick, NS as to cooking method, skin eaten_135g",22.95,24140210,"Chicken drumstick, NS as to cooking method, skin eaten",2202,"Chicken, whole pieces",278.1,34.6275,0.162,0.162,0,15.471,201.15,22.95,0,0,0.08505,0.3024,8.0541,0.2646,12.15,0.6615,0,0,0.6885,0,29.7,31.05,1.377,3.402,0.1107,34.695,376.65,529.2,0.6320098116,135,24,2414
"Chicken drumstick, NS as to cooking method, skin not eaten_135g",13.5,24140220,"Chicken drumstick, NS as to cooking method, skin not eaten",2202,"Chicken, whole pieces",232.2,37.4085,0,0,0,9.126,209.25,13.5,0,0,0.08775,0.30915,7.75575,0.2484,12.15,0.6345,0,0,0.729,0,27,31.05,1.4175,3.861,0.12015,36.99,392.85,544.05,0.7885710909,135,24,2414
"Chicken thigh, NS as to cooking method, skin not eaten_135g",17.55,24150220,"Chicken thigh, NS as to cooking method, skin not eaten",2202,"Chicken, whole pieces",260.55,32.5215,0,0,0,14.499,172.8,17.55,0,0,0.07425,0.3159,7.34535,0.2376,10.8,0.6075,0,0,0.648,0,17.55,28.35,1.3095,2.7,0.1134,31.185,353.7,452.25,0.8087216175,135,24,2415
"Chickpeas, dry, cooked, fat not added in cooking_90g",0.9,41302020,"Chickpeas, dry, cooked, fat not added in cooking",2802,"Beans, peas, legumes",146.7,7.929,24.525,4.293,6.84,2.313,0,0,0,14.4,0.1035,0.0567,0.4707,0.1242,153.9,0,1.17,0,0.315,3.6,44.1,43.2,2.583,1.368,0.315,3.33,260.1,217.8,0.0563951412,90,41,4130
Chorizo_140g,0,25220710,Chorizo,2608,Sausages,637,33.74,2.604,0,0,53.578,123.2,0,0,0,0.882,0.42,7.1834,0.742,2.8,2.8,0,2.1,0.308,2.24,11.2,25.2,2.226,4.774,0.112,29.54,557.2,1729,0.6604791732,140,25,2522
"Clams, steamed or boiled_108g",173.88,26303160,"Clams, steamed or boiled",2404,Shellfish,184.68,31.5468,7.6788,0,0,2.0628,64.8,173.88,0,0,0.03024,0.08208,0.67716,0.01944,7.56,21.8376,0,0,1.458,0.432,84.24,41.04,3.1428,1.1016,0.0972,65.772,89.64,488.16,2.61436621788,108,26,2630
"Coconut, fresh_85g",0,42106000,"Coconut, fresh",2804,Nuts and seeds,300.9,2.8305,12.9455,5.2955,7.65,28.4665,0,0,0,0,0.0561,0.017,0.459,0.0459,22.1,0,2.805,0,0.204,0.17,11.9,27.2,2.0655,0.935,0.36975,8.585,302.6,17,0.88883710945,85,42,4210
"Coconut, packaged_85g",0,42106020,"Coconut, packaged",2804,Nuts and seeds,387.6,2.6605,44.0725,31.2375,8.415,23.7915,0,0,0,0,0.01275,0.01275,0.59245,0.0255,2.55,0,0,0,0,0,9.35,43.35,1.2835,0.6035,0.25075,13.685,306.85,242.25,0.4621187622,85,42,4210
"Cod, cooked, NS as to cooking method_136g",2.72,26109110,"Cod, cooked, NS as to cooking method",2402,Fish,159.12,25.4048,0.136,0.0544,0,5.6848,77.52,2.72,0,0,0.05032,0.07072,1.73264,0.17544,10.88,2.9648,0.68,0.816,1.4824,5.848,13.6,34,0.2856,0.5168,0.03264,38.08,393.04,607.92,1.4513070476,136,26,2610
"Corn, raw_73g",6.57,75109600,"Corn, raw",6416,Corn,62.78,2.3871,13.651,4.5698,1.46,0.9855,0,0,11.68,34.31,0.11315,0.04015,1.2921,0.06789,30.66,0,4.964,0,0.0511,0.219,1.46,27.01,0.3796,0.3358,0.03942,0.438,197.1,10.95,0.45473558434,73,75,7510
"Corned beef, cooked, NS as to fat eaten_134g",0,21416000,"Corned beef, cooked, NS as to fat eaten",2602,Cold cuts and cured meats,336.34,24.3478,0.6298,0,0,25.4332,131.32,0,0,0,0.03484,0.2278,4.0602,0.3082,8.04,2.1842,0,0.134,0.2144,2.01,10.72,16.08,2.4924,6.1372,0.20636,43.952,194.3,1303.82,0.71934369636,134,21,2141
"Cornish game hen, cooked, skin eaten_140g",44.8,24400010,"Cornish game hen, cooked, skin eaten",2206,"Turkey, duck, other poultry",359.8,30.912,0,0,0,25.284,182,44.8,0,0,0.0924,0.2758,8.1872,0.4256,2.8,0.392,0.7,0.14,0.504,3.36,18.2,25.2,1.26,2.072,0.0854,21.56,340.2,540.4,1.0733727074,140,24,2440
"Cornish game hen, cooked, skin not eaten_140g",28,24400020,"Cornish game hen, cooked, skin not eaten",2206,"Turkey, duck, other poultry",186.2,32.354,0,0,0,5.376,147,28,0,0,0.1036,0.315,8.7094,0.497,2.8,0.42,0.84,0.14,0.336,3.36,18.2,26.6,1.078,2.128,0.0826,28.84,347.2,539,1.1215986712,140,24,2440
"Crab, cooked, NS as to cooking method_118g",1.18,26305110,"Crab, cooked, NS as to cooking method",2404,Shellfish,96.76,20.9568,0,0,0,0.8732,113.28,1.18,0,0,0.02714,0.10856,3.22022,0.1829,60.18,3.9058,3.894,0,2.1594,0.354,107.38,42.48,0.59,4.4722,0.95462,50.268,303.26,763.46,2.45822556472,118,26,2630
"Crackers, saltine_50g",0.5,54325000,"Crackers, saltine",5204,Saltine crackers,209,4.73,37.025,0.645,1.4,4.32,0,0.5,0,0,0.351,0.2435,3.221,0.043,67,0.045,0,0,0.575,12.7,9.5,11.5,2.785,0.345,0.0695,5.15,76,470.5,0.202287897,50,54,5432
"Crackers, wheat_50g",0,54338000,"Crackers, wheat",5202,"Crackers, excludes saltines",220.5,4.47,35.07,4.17,4.3,7.63,0,0,0,1,0.1165,0.0415,2.163,0.107,16.5,0,0,0,0.74,10.35,32,45.5,1.495,1.065,0.1735,5,157,351,0.1704533555,50,54,5433
"Cream, whipped_120g",464.4,12140000,"Cream, whipped",8006,"Cream cheese, sour cream, whipped cream",411.6,3.204,10.188,10.26,0,40.728,127.2,457.2,0,81.6,0.0228,0.2136,0.072,0.0396,4.8,0.18,0.72,1.8,1.032,3.6,74.4,8.4,0.12,0.276,0.0132,3.48,106.8,31.2,1.1020731492,120,12,1214
"Croaker, steamed or poached_136g",16.32,26111160,"Croaker, steamed or poached",2402,Fish,178.16,30.4096,0,0,0,5.4264,104.72,16.32,0,0,0.102,0.14688,6.10504,0.41072,20.4,3.6312,0,1.224,2.2032,0.136,25.84,61.2,0.6392,0.7208,0.07208,62.424,501.84,524.96,2.04682197624,136,26,2611
Croutons_40g,2.8,51185000,Croutons,5202,"Crackers, excludes saltines",186,4.32,25.4,1.764,2,7.32,2.8,2.8,0,2.4,0.2024,0.1684,1.8584,0.0332,42,0.056,0,0,0.16,3.04,38.4,16.8,1.128,0.376,0.0672,11.52,72.4,435.6,0.2881003992,40,51,5118
"Cucumber pickles, dill_65g",3.9,75503010,"Cucumber pickles, dill",8408,"Olives, pickles, pickled vegetables",7.8,0.325,1.5665,0.6955,0.65,0.195,0,0,8.45,34.45,0.02925,0.03705,0.07085,0.02275,5.2,0,1.495,0,0.0195,11.245,37.05,4.55,0.169,0.065,0.0182,0,76.05,525.85,0.10480266225,65,75,7550
"Cucumber pickles, dill, reduced salt_65g",6.5,75503110,"Cucumber pickles, dill, reduced salt",8408,"Olives, pickles, pickled vegetables",7.15,0.2145,1.469,0.689,0.78,0.13,0,0,13,52.65,0,0.0065,0,0.00585,0.65,0,0.65,0,0.0585,30.55,0,2.6,0.26,0.013,0.05525,0,14.95,11.7,0.15970845735,65,75,7550
"Cucumber, raw_119g",4.76,75111000,"Cucumber, raw",6420,Other vegetables and combinations,14.28,0.7021,2.5704,1.6422,0.833,0.1904,0,0,9.52,36.89,0.03689,0.02975,0.04403,0.06069,16.66,0,3.808,0,0.0357,8.568,16.66,14.28,0.2618,0.2023,0.08449,0.119,161.84,2.38,0.32008450068,119,75,7511
"Duck, roasted, skin eaten_120g",75.6,24301010,"Duck, roasted, skin eaten",2206,"Turkey, duck, other poultry",403.2,22.692,0,0,0,33.876,100.8,75.6,0,0,0.2076,0.3216,5.766,0.2148,7.2,0.36,0,0.12,0.84,6.12,13.2,19.2,3.228,2.22,0.2712,23.88,243.6,265.2,0.7427587944,120,24,2430
"Egg, whole, cooked, NS as to cooking method_50g",79,31102000,"Egg, whole, cooked, NS as to cooking method",2502,Eggs and omelets,89.5,6.15,0.55,0.39,0,6.77,178.5,79,0,0,0.018,0.2155,0.038,0.0785,17,0.38,0,1,0.755,2.65,32,6,0.845,0.635,0.035,14.85,72,209,0.1097363545,50,31,3110
Falafel_28g,3.36,41209000,Falafel,2802,"Beans, peas, legumes",141.4,2.3324,8.2096,1.2796,1.372,11.3512,0,0,0,38.36,0.03612,0.02884,0.21504,0.04452,22.68,0,2.156,0,1.358,22.008,24.36,8.68,0.6384,0.2884,0.05012,0.7,72.8,141.4,0.07098663656,28,41,4120
"Fig, raw_64g",4.48,63119010,"Fig, raw",6018,Other fruits and fruit salads,47.36,0.48,12.2752,10.4064,1.856,0.192,0,0,0,54.4,0.0384,0.032,0.256,0.07232,3.84,0,1.28,0,0.0704,3.008,22.4,10.88,0.2368,0.096,0.0448,0.128,148.48,0.64,0.53058512192,64,63,6311
"Flounder, cooked, NS as to cooking method_136g",29.92,26115110,"Flounder, cooked, NS as to cooking method",2402,Fish,277.44,18.4824,13.4096,1.1968,0.816,16.2928,99.28,29.92,0,0,0.16048,0.14416,2.31744,0.1428,23.12,1.3464,0,3.536,2.2712,15.504,65.28,29.92,1.3464,0.8024,0.07888,39.44,240.72,545.36,1.91920377184,136,26,2611
"Focaccia, Italian flatbread, plain_114g",0,51108010,"Focaccia, Italian flatbread, plain",4202,Yeast breads,283.86,9.9978,40.8348,1.995,2.052,8.9946,0,0,0,1.14,0.5358,0.34314,4.1838,0.12882,157.32,0,0,0,1.6188,6.498,39.9,22.8,3.6024,1.5162,0.10374,18.126,129.96,639.54,0.74984758674,114,51,5110
"Frankfurter or hot dog, beef_151g",4.53,25210210,"Frankfurter or hot dog, beef",2606,Frankfurters,501.32,18.573,4.7263,1.8573,0,44.6658,92.11,4.53,0,0,0.04379,0.22801,3.17251,0.16157,0,1.2986,0,1.359,0.8003,2.869,22.65,16.61,1.7818,3.2012,0.06946,16.308,549.64,1306.15,0.68458773662,151,25,2521
"Frankfurter or hot dog, beef and pork_151g",42.28,25210220,"Frankfurter or hot dog, beef and pork",2606,Frankfurters,440.92,15.4473,7.9728,4.379,0,38.4295,123.82,42.28,0,0,0.06342,0.21895,4.02415,0.08003,7.55,0.9664,28.539,1.057,0.6946,0.151,169.12,16.61,1.661,1.812,0.06644,19.781,542.09,1473.76,0.68505054407,151,25,2521
"Frankfurter or hot dog, cheese-filled_151g",7.55,25210150,"Frankfurter or hot dog, cheese-filled",2606,Frankfurters,520.95,22.4084,2.4009,2.4009,0,46.1003,108.72,7.55,0,0,0.33824,0.2416,4.14797,0.16459,4.53,2.3405,0,0.453,0.3775,2.567,92.11,19.63,1.7214,3.5787,0.11174,24.915,311.06,1633.82,0.94560371677,151,25,2521
"Frankfurter or hot dog, chicken_151g",0,25210310,"Frankfurter or hot dog, chicken",2606,Frankfurters,354.85,24.6583,4.3488,4.7414,0,25.7304,152.51,0,0,0,0.07701,0.38807,6.7044,0.41072,9.06,0.7248,0,0.755,0.3473,0,117.78,30.2,1.8573,1.7667,0.12382,36.542,305.02,1550.77,0.68458773662,151,25,2521
"Frankfurter or hot dog, meatless_70g",0,41811400,"Frankfurter or hot dog, meatless",2806,Processed soy products,163.1,13.727,5.39,0,2.73,9.611,0,0,0,0,0.3087,0.5831,2.1959,0.0546,54.6,1.645,0,0,1.344,0,23.1,12.6,0.987,0.84,0.4942,5.18,68.6,329.7,0.5721309587,70,41,4181
"Frankfurter or hot dog, turkey_151g",0,25210410,"Frankfurter or hot dog, turkey",2606,Frankfurters,354.85,19.4337,6.0551,1.9177,0,27.482,122.31,0,0,0,0.04832,0.27331,5.26386,0.1812,12.08,1.1023,0,0.906,0.9815,0,235.56,21.14,2.3405,2.9294,0.11325,24.009,591.92,1375.61,0.68458773662,151,25,2521
"Grapefruit, raw_200g",92,61101010,"Grapefruit, raw",6012,Citrus fruits,64,1.26,16.16,13.96,2.2,0.2,0,0,8,1104,0.072,0.04,0.5,0.084,20,0,68.8,0,0.26,0,24,16,0.18,0.14,0.094,0.6,278,0,0.578208048,200,61,6110
"Grapes, raw, NS as to type_151g",4.53,63123000,"Grapes, raw, NS as to type",6006,Grapes,104.19,1.0872,27.331,23.3748,1.359,0.2416,0,0,1.51,58.89,0.10419,0.1057,0.28388,0.12986,3.02,0,4.832,0,0.2869,22.046,15.1,10.57,0.5436,0.1057,0.19177,0.151,288.41,3.02,0.48083954082,151,63,6312
"Green or yellow split peas, dry, cooked, fat not added in cooking_90g",0,41303000,"Green or yellow split peas, dry, cooked, fat not added in cooking",2802,"Beans, peas, legumes",105.3,7.47,18.891,2.592,7.47,0.351,0,0,0,3.6,0.1701,0.0504,0.7965,0.0432,58.5,0,0.36,0,0.027,4.5,12.6,32.4,1.152,0.9,0.162,0.54,324,179.1,0.8175247884,90,41,4130
"Ground beef, cooked_125g",3.75,21500100,"Ground beef, cooked",2004,Ground beef,325,31.925,0,0,0,21.025,108.75,3.75,0,0,0.05875,0.21875,6.3375,0.455,12.5,3.375,0,0,0.15,2.125,30,25,3.0875,7.75,0.1,26.625,377.5,496.25,0.8358463375,125,21,2150
"Guava, raw_55g",17.05,63125010,"Guava, raw",6018,Other fruits and fruit salads,37.4,1.4025,7.876,4.906,2.97,0.5225,0,0,0,205.7,0.03685,0.022,0.5962,0.0605,26.95,0,125.565,0,0.4015,1.43,9.9,12.1,0.143,0.1265,0.1265,0.33,229.35,1.1,0.29584117145,55,63,6312
"Ham, prepackaged or deli, luncheon meat_140g",0,25230210,"Ham, prepackaged or deli, luncheon meat",2602,Cold cuts and cured meats,149.8,23.59,0.98,0,0,5.656,57.4,0,0,0,0.4704,0.3724,7.9758,0.5516,0,0.504,0,0.84,0.406,0,7,26.6,0.826,2.114,0.07,44.24,648.2,1323,0.7024668546,140,25,2523
"Ham, prepackaged or deli, luncheon meat, reduced sodium_140g",0,25230220,"Ham, prepackaged or deli, luncheon meat, reduced sodium",2602,Cold cuts and cured meats,149.8,23.59,0.98,0,0,5.656,57.4,0,0,0,0.4704,0.3724,7.9758,0.5516,0,0.504,0,0.84,0.406,0,7,26.6,0.826,2.114,0.07,44.24,648.2,992.6,0.7024668546,140,25,2523
Hazelnuts_50g,0.5,42107000,Hazelnuts,2804,Nuts and seeds,314,7.475,8.35,2.17,4.85,30.375,0,0,1.5,5.5,0.3215,0.0565,0.9,0.2815,56.5,0,3.15,0,7.515,7.1,57,81.5,2.35,1.225,0.8625,1.2,340,0,0.266337376,50,42,4210
"Honeydew melon, raw_125g",3.75,63127010,"Honeydew melon, raw",6014,Melons,45,0.675,11.3625,10.15,1,0.175,0,0,0,37.5,0.0475,0.015,0.5225,0.11,23.75,0,22.5,0,0.025,3.625,7.5,12.5,0.2125,0.1125,0.03,0.875,285,22.5,0.49173820125,125,63,6312
"Hummus, plain_70g",0.7,41205070,"Hummus, plain",8412,"Dips, gravies, other sauces",182,5.726,13.902,2.037,4.13,12.446,0,0,0,11.9,0.2135,0.0903,0.9541,0.0854,79.1,0,3.15,0,0.763,3.99,79.1,31.5,2.352,1.218,0.357,6.23,175.7,336.7,0.7393642256,70,41,4120
Italian sausage_138g,13.8,25221350,Italian sausage,2608,Sausages,474.72,26.3856,5.8926,2.5668,0.138,37.6878,78.66,13.8,0,0,0.85974,0.32154,5.7477,0.4554,6.9,1.794,0.138,1.38,0.345,4.692,28.98,24.84,1.9734,3.2982,0.1104,30.36,419.52,1025.34,0.72794889324,138,25,2522
"Kiwi fruit, raw_69g",2.76,63126500,"Kiwi fruit, raw",6018,Other fruits and fruit salads,42.09,0.7866,10.1154,6.2031,2.07,0.3588,0,0,0,35.88,0.01863,0.01725,0.23529,0.04347,17.25,0,63.963,0,1.0074,27.807,23.46,11.73,0.2139,0.0966,0.0897,0.138,215.28,2.07,0.17646654849,69,63,6312
"Lamb, NS as to cut, cooked_134g",0,23000100,"Lamb, NS as to cut, cooked",2008,"Lamb, goat, game",391.28,32.5888,0,0,0,27.8318,128.64,0,0,0,0.13266,0.33232,8.8507,0.17286,24.12,3.3902,0,0.134,0.1876,6.164,22.78,30.82,2.5058,5.9228,0.15812,35.108,411.38,527.96,1.5083556771,134,23,2300
"Lemon, raw_58g",0.58,61113010,"Lemon, raw",6012,Citrus fruits,16.82,0.638,5.4056,1.45,1.624,0.174,0,0,0.58,1.74,0.0232,0.0116,0.058,0.0464,6.38,0,30.74,0,0.087,0,15.08,4.64,0.348,0.0348,0.02146,0.232,80.04,1.16,0.2652413428,58,61,6111
"Lentils, dry, cooked, fat not added in cooking_90g",0,41305000,"Lentils, dry, cooked, fat not added in cooking",2802,"Beans, peas, legumes",103.5,8.082,18.027,1.611,7.11,0.342,0,0,0,4.5,0.1512,0.0657,0.9495,0.1593,162,0,1.35,0,0.099,1.53,17.1,32.4,2.988,1.134,0.225,2.52,330.3,177.3,0.0635377221,90,41,4130
"Lettuce, Boston, raw_163g",270.58,75113060,"Lettuce, Boston, raw",6410,Lettuce and lettuce salads,21.19,2.2005,3.6349,1.5322,1.793,0.3586,0,0,0,3238.81,0.09291,0.10106,0.58191,0.13366,118.99,0,6.031,0,0.2934,166.749,57.05,21.19,2.0212,0.326,0.02608,0.978,387.94,8.15,0.70450667166,163,75,7511
"Lime, raw_67g",1.34,61116010,"Lime, raw",6012,Citrus fruits,20.1,0.469,7.0618,1.1323,1.876,0.134,0,0,0,20.1,0.0201,0.0134,0.134,0.02881,5.36,0,19.497,0,0.1474,0.402,22.11,4.02,0.402,0.0737,0.04355,0.268,68.34,1.34,0.1354878489,67,61,6111
"Lobster, steamed or boiled_145g",1.45,26311160,"Lobster, steamed or boiled",2404,Shellfish,127.6,27.376,0,0,0,1.2325,210.25,1.45,0,0,0.03045,0.01885,1.97635,0.145,11.6,1.2325,0,0,1.4355,0,131.95,52.2,0.377,5.829,1.7864,105.27,232,964.25,2.89614455585,145,26,2631
"Luncheon meat, loaf type_140g",109.2,25230610,"Luncheon meat, loaf type",2602,Cold cuts and cured meats,315,15.722,11.844,11.844,2.1,22.33,81.2,109.2,5.6,205.8,0.5488,0.161,3.4804,0.5852,51.8,0.756,10.92,1.12,0.56,7.14,152.6,47.6,1.862,2.352,0.147,11.06,519.4,1456,1.1280617432,140,25,2523
"Luncheon slice, meatless-beef, chicken, salami or turkey_56g",0,41811600,"Luncheon slice, meatless-beef, chicken, salami or turkey",2806,Processed soy products,105.84,9.9568,2.4864,1.2432,0.616,6.2216,0,0,0,0,2.24,0.16912,6.2216,0.49784,56,2.24,0,0,1.68,0,22.96,12.88,1.008,0.896,0.50848,4.144,112,398.16,0.85539086696,56,41,4181
Macadamia nuts_50g,0,42109100,Macadamia nuts,2804,Nuts and seeds,358,3.895,6.415,2.07,4,38.04,0,0,0,0,0.355,0.0435,1.137,0.1795,5,0,0.35,0,0.285,0,35,59,1.325,0.645,0.285,5.85,181.5,176.5,1.045586532,50,42,4210
"Mango, raw_165g",89.1,63129010,"Mango, raw",6018,Other fruits and fruit salads,99,1.353,24.717,22.539,2.64,0.627,0,0,14.85,1056,0.0462,0.0627,1.10385,0.19635,70.95,0,60.06,0,1.485,6.93,18.15,16.5,0.264,0.1485,0.18315,0.99,277.2,1.65,0.4802859798,165,63,6312
"Meatball, meatless_144g",0,41811800,"Meatball, meatless",2806,Processed soy products,283.68,30.24,11.52,1.8,6.624,12.96,0,0,0,0,1.35072,0.30672,3.6,0.288,112.32,2.16,0,0,2.4912,0,36,25.92,3.1104,2.592,1.01664,1.152,259.2,792,1.4807225592,144,41,4181
"Mixed nuts, with peanuts, salted_50g",0.5,42110100,"Mixed nuts, with peanuts, salted",2804,Nuts and seeds,302.5,9.795,10.52,2.265,3.8,26.81,0,0,0,3.5,0.108,0.1625,3.8925,0.184,37.5,0,0.2,0,3.715,5.8,46.5,98.5,1.395,1.61,0.48,36.9,301.5,157,0.423530045,50,42,4211
"Mixed nuts, without peanuts, salted_50g",0.5,42110150,"Mixed nuts, without peanuts, salted",2804,Nuts and seeds,305,8.155,11.14,2.24,3.65,27.545,0,0,0,7.5,0.147,0.2355,0.969,0.149,29.5,0,0.45,0,4.83,8.25,67,114.5,2.07,1.935,0.7715,70.75,307.5,160,0.423530045,50,42,4211
"Muffin, English_58g",0,51186010,"Muffin, English",4206,Bagels and English muffins,131.66,5.1446,25.6186,2.0474,2.03,0.9802,0,0,0,0,0.27666,0.145,2.3606,0.03132,54.52,0.0232,1.044,0,0.1798,0.696,94.54,13.92,2.32,0.609,0.0783,12.992,63.22,246.5,0.2065816508,58,51,5118
"Muffin, plain_130g",46.8,52306010,"Muffin, plain",4402,"Biscuits, muffins, quick breads",478.4,7.501,67.444,35.945,1.04,20.306,62.4,46.8,0,1.3,0.2704,0.3224,2.2152,0.0624,58.5,0.221,0,0.78,2.275,20.93,211.9,18.2,2.613,0.663,0.0871,20.15,153.4,471.9,0.1725687808,130,52,5230
"Mushrooms, raw_70g",0,75115000,"Mushrooms, raw",6420,Other vegetables and combinations,15.4,2.163,2.282,1.386,0.7,0.238,0,0,0,0,0.0567,0.2814,2.5249,0.0728,11.9,0.028,1.47,0.14,0.007,0,2.1,6.3,0.35,0.364,0.2226,6.51,222.6,3.5,0.5067377392,70,75,7511
"Mussels, cooked, NS as to cooking method_150g",129,26313110,"Mussels, cooked, NS as to cooking method",2404,Shellfish,256.5,35.55,11.025,0,0,6.69,84,129,0,0,0.4545,0.5955,4.3005,0.135,94.5,32.25,19.05,0,1.65,0.3,78,102,10.62,4.785,0.2385,133.8,861,1365,3.406141296,150,26,2631
"Nectarine, raw_129g",21.93,63131010,"Nectarine, raw",6008,Peaches and nectarines,56.76,1.3674,13.6095,10.1781,2.193,0.4128,0,0,0,193.5,0.04386,0.03483,1.45125,0.03225,6.45,0,6.966,0,0.9933,2.838,7.74,11.61,0.3612,0.2193,0.11094,0,259.29,0,0.3655113348,129,63,6313
Olive oil_216g,0,82104000,Olive oil,8012,Salad dressings and vegetable oils,1909.44,0,0,0,0,216,0,0,0,0,0,0,0,0,0,0,0,0,30.996,130.032,2.16,0,1.2096,0,0,0,2.16,4.32,5.36222792448,216,82,8210
"Olives, black_55g",10.45,75510020,"Olives, black",8408,"Olives, pickles, pickled vegetables",57.75,0.484,3.333,0,1.65,5.247,0,0,0,124.85,0.00165,0,0.0176,0.0055,0,0,0.605,0,0.9075,0.77,49.5,2.2,1.8205,0.121,0.1342,0.495,4.4,404.25,0.75688413515,55,75,7551
"Olives, green_66g",13.2,75510010,"Olives, green",8408,"Olives, pickles, pickled vegetables",95.7,0.6798,2.5344,0.3564,2.178,10.1112,0,0,0,152.46,0.01386,0.00462,0.15642,0.02046,1.98,0,0,0,2.5146,0.924,34.32,7.26,0.3234,0.0264,0.0792,0.594,27.72,1026.96,0.80493805854,66,75,7551
"Onions, mature, raw_70g",0,75117020,"Onions, mature, raw",6414,Onions,28,0.77,6.538,2.968,1.19,0.07,0,0,0,0.7,0.0322,0.0189,0.0812,0.084,13.3,0,5.18,0,0.014,0.28,16.1,7,0.147,0.119,0.0273,0.35,102.2,2.8,0.1074627757,70,75,7511
"Orange, raw_131g",14.41,61119010,"Orange, raw",6012,Citrus fruits,61.57,1.2314,15.3925,12.2485,3.144,0.1572,0,0,14.41,93.01,0.11397,0.0524,0.36942,0.0786,39.3,0,69.692,0,0.2358,0,52.4,13.1,0.131,0.0917,0.05895,0.655,237.11,0,0.85464935528,131,61,6111
"Oysters, raw_207g",26.91,26315100,"Oysters, raw",2404,Shellfish,105.57,11.8197,5.6304,1.2834,0,3.5397,82.8,26.91,0,0,0.03726,0.1863,1.91475,0.06417,14.49,18.1125,0,0,1.7595,2.07,122.13,37.26,9.5427,81.351,5.91606,40.779,322.92,175.95,4.04074712043,207,26,2631
"Papaya, raw_140g",65.8,63133010,"Papaya, raw",6018,Other fruits and fruit salads,60.2,0.658,15.148,10.948,2.38,0.364,0,0,2.8,383.6,0.0322,0.0378,0.4998,0.0532,51.8,0,85.26,0,0.42,3.64,28,29.4,0.35,0.112,0.063,0.84,254.8,11.2,0.5443689678,140,63,6313
"Pasta, cooked_140g",0,56130000,"Pasta, cooked",4004,"Pasta, noodles, cooked grains",219.8,8.064,42.952,0.784,2.52,1.288,0,0,0,0,0.3808,0.189,2.3506,0.0686,102.2,0,0,0,0.084,0,9.8,25.2,1.778,0.714,0.14,36.68,61.6,324.8,0.1031478308,140,56,5613
"Peach, raw_130g",20.8,63135010,"Peach, raw",6008,Peaches and nectarines,50.7,1.183,12.402,10.907,1.95,0.325,0,0,0,210.6,0.0312,0.0403,1.0478,0.0325,5.2,0,8.58,0,0.949,3.38,7.8,11.7,0.325,0.221,0.0884,0.13,247,0,0.3300501516,130,63,6313
Peanut butter_16g,0,42202000,Peanut butter,2804,Nuts and seeds,95.68,3.5536,3.5696,1.6784,0.8,8.2176,0,0,0,0,0.024,0.03072,2.09792,0.07056,13.92,0,0,0,1.456,0.048,7.84,26.88,0.2784,0.4016,0.06752,0.656,89.28,68.16,0.0548901664,16,42,4220
Peanut butter and jelly_16g,0,42203000,Peanut butter and jelly,2804,Nuts and seeds,69.12,1.7888,7.3808,4.9376,0.48,4.1104,0,0,0,0.32,0.01216,0.01744,1.05184,0.0368,7.04,0,0.064,0,0.728,0.048,4.48,13.92,0.1536,0.2032,0.03456,0.352,48.96,36.48,0.0666720248,16,42,4220
"Peanuts, dry roasted, unsalted_50g",0,42111210,"Peanuts, dry roasted, unsalted",2804,Nuts and seeds,293.5,12.175,10.63,2.45,4.2,24.83,0,0,0,0,0.076,0.0985,7.1775,0.233,48.5,0,0,0,2.465,0,29,89,0.79,1.385,0.214,4.65,317,3,0.231729426,50,42,4211
"Pear, raw_148g",1.48,63137010,"Pear, raw",6018,Other fruits and fruit salads,84.36,0.5328,22.5404,14.43,4.588,0.2072,0,0,1.48,20.72,0.01776,0.03848,0.23828,0.04292,10.36,0,6.364,0,0.1776,6.512,13.32,10.36,0.2664,0.148,0.12136,0.148,171.68,1.48,0.33037992344,148,63,6313
"Peas, green, raw_145g",55.1,75120000,"Peas, green, raw",6418,Other starchy vegetables,117.45,7.859,20.9525,8.2215,8.265,0.58,0,0,30.45,651.05,0.3857,0.1914,3.0305,0.24505,94.25,0,58,0,0.1885,35.96,36.25,47.85,2.1315,1.798,0.2552,2.61,353.8,7.25,1.81212996725,145,75,7512
"Pepper, sweet, green, raw_92g",16.56,75122100,"Pepper, sweet, green, raw",6420,Other vegetables and combinations,18.4,0.7912,4.2688,2.208,1.564,0.1564,0,0,19.32,191.36,0.05244,0.02576,0.4416,0.20608,9.2,0,73.968,0,0.3404,6.808,9.2,9.2,0.3128,0.1196,0.06072,0,161,2.76,0.30284184364,92,75,7512
"Pepper, sweet, red, raw_92g",144.44,75122200,"Pepper, sweet, red, raw",6406,Other red and orange vegetables,28.52,0.9108,5.5476,3.864,1.932,0.276,0,0,18.4,1494.08,0.04968,0.0782,0.90068,0.26772,42.32,0,117.484,0,1.4536,4.508,6.44,11.04,0.3956,0.23,0.01564,0.092,194.12,3.68,0.34062945628,92,75,7512
Pine nuts_135g,1.35,42113000,Pine nuts,2804,Nuts and seeds,908.55,18.4815,17.658,4.8465,4.995,92.2995,0,0,0,22.95,0.4914,0.30645,5.92245,0.1269,45.9,0,1.08,0,12.5955,72.765,21.6,338.85,7.4655,8.7075,1.7874,0.945,805.95,2.7,3.25953417195,135,42,4211
"Pinto, calico, or red Mexican beans, dry, cooked, fat not added in cooking_90g",0,41104020,"Pinto, calico, or red Mexican beans, dry, cooked, fat not added in cooking",2802,"Beans, peas, legumes",127.8,8.064,23.463,0.306,8.01,0.585,0,0,0,0,0.1728,0.0558,0.2844,0.2052,153.9,0,0.72,0,0.846,3.15,41.4,45,1.872,0.882,0.1962,5.58,390.6,203.4,0.0378567621,90,41,4110
"Plum, raw_66g",11.22,63143010,"Plum, raw",6018,Other fruits and fruit salads,30.36,0.462,7.5372,6.5472,0.924,0.1848,0,0,0,125.4,0.01848,0.01716,0.27522,0.01914,3.3,0,6.27,0,0.1716,4.224,3.96,4.62,0.1122,0.066,0.03762,0,103.62,0,0.18979144734,66,63,6314
"Pomegranate, raw_154g",0,63145010,"Pomegranate, raw",6018,Other fruits and fruit salads,127.82,2.5718,28.798,21.0518,6.16,1.8018,0,0,0,0,0.10318,0.08162,0.45122,0.1155,58.52,0,15.708,0,0.924,25.256,15.4,18.48,0.462,0.539,0.24332,0.77,363.44,4.62,2.40820175596,154,63,6314
"Pompano, steamed or poached_136g",58.48,26131160,"Pompano, steamed or poached",2402,Fish,280.16,31.6064,0,0,0,16.1976,85.68,58.48,0,0,0.76568,0.18496,4.36152,0.27336,20.4,1.8904,0,18.768,0.3128,0.136,38.08,42.16,1.0336,1.2376,0.06528,62.424,553.52,538.56,2.3821468348,136,26,2613
Pork and beef sausage_112g,0,25221460,Pork and beef sausage,2608,Sausages,443.52,15.456,3.024,0,0,40.6,79.52,0,0,0,0.39984,0.16464,3.77104,0.056,2.24,0.4816,0,0.784,0.2464,1.792,11.2,13.44,1.2656,2.0944,0.0448,16.128,211.68,1040.48,0.98466516848,112,25,2522
"Pork bacon, smoked or cured, cooked_80g",8.8,22601000,"Pork bacon, smoked or cured, cooked",2604,Bacon,374.4,27.136,1.36,0,0,28.072,79.2,8.8,0,0,0.448,0.1856,8.3656,0.428,0,0.872,0,0.32,0.336,0,8.8,24.8,0.76,2.448,0.084,40.56,399.2,1347.2,0.8069766792,80,22,2260
Pork sausage rice links_138g,0,25221450,Pork sausage rice links,2608,Sausages,561.66,18.906,3.2568,0,0,51.9294,91.08,0,0,0,0.6624,0.1656,4.623,0.276,8.28,1.794,0,1.242,0.3036,4.692,20.7,19.32,1.5456,2.001,0.09108,22.908,292.56,950.82,1.34517338574,138,25,2522
"Pork, ground or patty, cooked_123g",2.46,22002000,"Pork, ground or patty, cooked",2006,Pork,362.85,31.3404,0,0,0,25.338,114.39,2.46,0,0,0.861,0.26814,5.13033,0.47724,7.38,0.6642,0.861,0.615,0.2583,0,27.06,29.52,1.5744,3.9114,0.05412,43.173,441.57,485.85,0.60393072324,123,22,2200
"Pork, spareribs, cooked, NS as to fat eaten_134g",4.02,22701000,"Pork, spareribs, cooked, NS as to fat eaten",2006,Pork,527.96,38.6188,0,0,0,40.267,160.8,4.02,0,0,0.5427,0.50786,7.27486,0.46498,5.36,1.4338,0,3.484,0.4556,0,62.98,32.16,2.4656,6.1104,0.18894,49.714,424.78,556.1,1.31609843742,134,22,2270
"Pork, tenderloin, cooked, NS as to cooking method_134g",0,22210300,"Pork, tenderloin, cooked, NS as to cooking method",2006,Pork,206.36,36.046,0,0,0,5.8022,96.48,0,0,0,1.0251,0.59228,9.16426,0.86698,0,0.8308,0,0.402,0.3752,0,8.04,41.54,1.3266,3.149,0.16482,58.826,718.24,795.96,1.2567781074,134,22,2221
"Pumpkin seeds, unsalted_28.35g",0,43101150,"Pumpkin seeds, unsalted",2804,Nuts and seeds,162.729,8.45964,4.170285,0.365715,1.84275,13.905675,0,0,0.2835,1.4175,0.019845,0.042525,1.255905,0.02835,16.1595,0,0.5103,0,0.15876,1.27575,14.742,155.925,2.287845,2.16594,0.3614625,2.6649,223.398,5.103,0.1721056731975,28.35,43,4310
"Raspberries, red, raw_123g",2.46,63219020,"Raspberries, red, raw",6010,Berries,63.96,1.476,14.6862,5.4366,7.995,0.7995,0,0,19.68,14.76,0.03936,0.04674,0.73554,0.06765,25.83,0,32.226,0,1.0701,9.594,30.75,27.06,0.8487,0.5166,0.1107,0.246,185.73,1.23,1.72602594006,123,63,6321
"Refried beans, fat added in cooking, NS as to type of fat_127g",0,41205010,"Refried beans, fat added in cooking, NS as to type of fat",2802,"Beans, peas, legumes",182.88,7.7724,22.606,0.9398,6.858,7.2517,0,0,0,0,0.14351,0.08255,0.4064,0.19431,88.9,0,4.953,0,1.1557,9.652,44.45,48.26,2.0066,0.8763,0.19812,6.985,438.15,412.75,0.23479636429,127,41,4120
"Rice, white, cooked, glutinous_174g",0,56205190,"Rice, white, cooked, glutinous",4002,Rice,167.04,3.4974,36.4878,0.087,1.74,0.3306,0,0,0,0,0.0348,0.02262,0.50112,0.04524,1.74,0,0,0,0.0696,0,3.48,8.7,0.2436,0.7134,0.08526,9.744,17.4,394.98,0.06495648462,174,56,5620
"Roll, NS as to major flour_83g",0,51000200,"Roll, NS as to major flour",4204,Rolls and buns,231.57,8.1091,41.5996,6.0424,1.494,3.2453,0,0,0,0,0.45069,0.24651,3.4694,0.05229,78.02,0.166,1.079,0,0.2241,3.984,119.52,19.09,2.8469,0.6059,0.09047,22.576,101.26,410.02,0.03015948839,83,51,5100
"Salmon, cooked, NS as to cooking method_136g",53.04,26137110,"Salmon, cooked, NS as to cooking method",2402,Fish,255.68,34.1088,0.136,0.0544,0,12.3216,76.16,53.04,0,0,0.11968,0.16592,12.63712,0.91528,6.8,6.2152,0.68,18.088,1.2512,6.528,12.24,44.88,0.6528,0.6528,0.10608,52.224,610.64,550.8,1.41057031752,136,26,2613
"Sardines, skinless, boneless, packed in water_84g",28.56,26139190,"Sardines, skinless, boneless, packed in water",2402,Fish,155.4,17.5224,0.4536,0.3612,0.084,8.778,51.24,26.88,0,21.84,0.03696,0.19572,3.528,0.10332,20.16,7.56,0.84,4.032,1.1592,0.336,201.6,28.56,1.932,1.176,0.22848,34.104,286.44,347.76,0.52926361992,84,26,2613
"Scallops, cooked, NS as to cooking method_134g",1.34,26317110,"Scallops, cooked, NS as to cooking method",2404,Shellfish,152.76,19.2826,5.2126,0.0402,0,5.5878,38.86,1.34,0,0,0.01072,0.0201,1.06932,0.11122,24.12,2.144,0.67,0,0.5628,5.628,9.38,34.84,0.6164,1.4606,0.03752,20.502,329.64,667.32,2.54893242786,134,26,2631
"Sea bass, steamed or poached_136g",62.56,26141160,"Sea bass, steamed or poached",2402,Fish,165.92,31.5248,0,0,0,3.4272,70.72,62.56,0,0,0.15096,0.18496,2.3256,0.54672,6.8,0.4352,0,9.52,1.4416,0.136,17.68,62.56,0.5032,0.68,0.03264,62.424,372.64,542.64,2.02123670152,136,26,2614
"Shrimp, cooked, NS as to cooking method_115g",70.15,26319110,"Shrimp, cooked, NS as to cooking method",2404,Shellfish,243.8,17.4225,12.673,1.0465,0.69,13.34,170.2,70.15,0,0,0.138,0.1219,2.69215,0.18285,31.05,1.104,0,0.345,2.691,13.8,90.85,31.05,1.219,1.3685,0.23575,37.605,163.3,516.35,3.05070620345,115,26,2631
"Snowpeas, raw_63g",34.02,75127750,"Snowpeas, raw",6420,Other vegetables and combinations,26.46,1.764,4.7565,2.52,1.638,0.126,0,0,27.72,396.9,0.0945,0.0504,0.378,0.1008,26.46,0,37.8,0,0.2457,15.75,27.09,15.12,1.3104,0.1701,0.04977,0.441,126,2.52,0.39292742412,63,75,7512
Sour cream_30g,37.2,12310100,Sour cream,8006,"Cream cheese, sour cream, whipped cream",59.4,0.732,1.389,1.023,0,5.805,17.7,36.3,0,7.5,0.006,0.0504,0.0279,0.0123,1.8,0.063,0.27,0,0.114,0.45,30.3,3,0.021,0.099,0.0054,1.11,37.5,9.3,0.097819056,30,12,1231
Soy nuts_28g,2.8,41410010,Soy nuts,2802,"Beans, peas, legumes",131.32,10.794,8.4616,1.176,4.956,7.112,0,0,0,33.6,0.028,0.0406,0.3948,0.05824,59.08,0,0.616,0,0.2548,14.112,38.64,40.6,1.092,0.8792,0.23184,5.348,411.6,45.64,0.1262763418,28,41,4141
Soybean curd_120g,0,41420010,Soybean curd,2806,Processed soy products,73.2,8.604,1.416,0.84,0.24,4.428,0,0,0,4.8,0.0564,0.0444,0.642,0.0624,52.8,0,0.24,0,0.012,2.4,133.2,32.4,1.332,0.768,0.1884,10.68,144,9.6,0.490401678,120,41,4142
"Soybeans, dry, cooked, fat not added in cooking_90g",0,41107000,"Soybeans, dry, cooked, fat not added in cooking",2802,"Beans, peas, legumes",153.9,16.29,7.479,2.682,5.4,8.028,0,0,0,4.5,0.1386,0.2547,0.3573,0.2097,48.6,0,1.53,0,0.315,17.19,91.8,77.4,4.599,1.026,0.3645,6.57,460.8,202.5,0.360028422,90,41,4110
"Squash, summer, green, raw_113g",11.3,75128010,"Squash, summer, green, raw",6420,Other vegetables and combinations,19.21,1.3673,3.5143,2.825,1.13,0.3616,0,0,0,135.6,0.05085,0.10622,0.50963,0.18419,27.12,0,20.227,0,0.1356,4.859,18.08,20.34,0.4181,0.3616,0.05989,0.226,294.93,9.04,0.26477220405,113,75,7512
"Squid, steamed or boiled_140g",25.2,26213160,"Squid, steamed or boiled",2404,Shellfish,256.2,43.428,8.582,0,0,3.85,649.6,25.2,0,0,0.0532,1.0906,5.4572,0.14,9.8,3.262,10.5,0,3.346,0,89.6,92.4,1.708,4.27,4.4814,124.88,617.4,599.2,1.4337710506,140,26,2621
"Starfruit, raw_70g",2.1,63109700,"Starfruit, raw",6018,Other fruits and fruit salads,21.7,0.728,4.711,2.786,1.96,0.231,0,0,16.8,17.5,0.0098,0.0112,0.2569,0.0119,8.4,0,24.08,0,0.105,0,2.1,7,0.056,0.084,0.0959,0.42,93.1,1.4,0.3027727829,70,63,6310
"Steak, NS as to type of meat, cooked, NS as to fat eaten_134g",1.34,21001000,"Steak, NS as to type of meat, cooked, NS as to fat eaten",2002,"Beef, excludes ground",246.56,39.1682,0,0,0,9.045,108.54,1.34,0,0,0.10988,0.31758,10.59672,0.90584,10.72,2.6532,0,0.134,0.402,2.01,21.44,30.82,3.1892,7.7318,0.11122,45.158,497.14,518.58,1.724265837,134,21,2100
"Strawberries, raw_144g",1.44,63223020,"Strawberries, raw",6010,Berries,46.08,0.9648,11.0592,7.0416,2.88,0.432,0,0,0,10.08,0.03456,0.03168,0.55584,0.06768,34.56,0,84.672,0,0.4176,3.168,23.04,18.72,0.5904,0.2016,0.06912,0.576,220.32,1.44,0.7168215456,144,63,6322
"Sunflower seeds, plain, unsalted_28.35g",0,43102000,"Sunflower seeds, plain, unsalted",2804,Nuts and seeds,164.997,5.480055,6.823845,0.773955,3.14685,14.1183,0,0,0,1.4175,0.030051,0.069741,1.996407,0.227934,67.1895,0,0.3969,0,7.39935,0.76545,19.845,36.5715,1.0773,1.499715,0.518805,22.48155,240.975,0.8505,0.1319888633805,28.35,43,4310
"Tangelo, raw_95g",10.45,61125000,"Tangelo, raw",6012,Citrus fruits,44.65,0.893,11.1625,8.8825,2.28,0.114,0,0,10.45,67.45,0.08265,0.038,0.2679,0.057,28.5,0,50.54,0,0.171,0,38,9.5,0.095,0.0665,0.04275,0.475,171.95,0,0.6197838836,95,61,6112
"Tangerine, raw_75g",25.5,61125010,"Tangerine, raw",6012,Citrus fruits,39.75,0.6075,10.005,7.935,1.35,0.2325,0,0,75.75,116.25,0.0435,0.027,0.282,0.0585,12,0,20.025,0,0.15,0,27.75,9,0.1125,0.0525,0.0315,0.075,124.5,1.5,0.2336250675,75,61,6112
Thuringer_140g,0,25221810,Thuringer,2608,Sausages,506.8,24.43,4.662,1.19,0,42.602,103.6,0,0,0,0.21,0.462,6.034,0.364,2.8,7.7,23.24,1.54,0.308,1.82,12.6,19.6,2.856,3.584,0.21,28.42,364,1820,0.7550878916,140,25,2522
"Tomatoes, cooked, NS as to form, NS as to method_82g",19.68,74201000,"Tomatoes, cooked, NS as to form, NS as to method",6402,Tomatoes,14.76,0.779,3.2718,2.0336,0.574,0.0902,0,0,0,239.44,0.02952,0.01804,0.4346,0.06478,10.66,0,18.614,0,0.4592,2.296,9.02,7.38,0.5576,0.1148,0.0615,0.41,177.94,141.04,0.1186837578,82,74,7420
"Tortilla, flour_104g",0,52215200,"Tortilla, flour",4208,Tortillas,318.24,8.528,51.3552,3.8584,3.64,8.3096,0,0,0,0,0.52312,0.29328,4.5916,0.06136,97.76,0,0,0,0,7.488,151.84,22.88,3.7752,0.5512,0.10816,23.192,130,765.44,0.14246352328,104,52,5221
"Tortilla, whole wheat_104g",0,52215260,"Tortilla, whole wheat",4208,Tortillas,322.4,10.1504,47.7256,2.5376,10.192,10.1504,0,0,0,3.12,0.68432,0.2704,4.54688,0.29224,100.88,0,0,0,0.936,4.68,253.76,88.4,2.7352,1.9968,0.27664,38.48,272.48,532.48,1.02286560896,104,52,5221
Trail mix with nuts and fruit_50g,0.5,42501000,Trail mix with nuts and fruit,2804,Nuts and seeds,226,5.42,25.54,17.495,3.15,13.4,0,0,0,5,0.063,0.095,2.0405,0.1315,25.5,0,0.45,0,2.75,3.85,29.5,55.5,1.085,0.98,0.324,18,262,65,0.2778875555,50,42,4250
"Trout, smoked_136g",182.24,26151190,"Trout, smoked",2402,Fish,341.36,48.2392,0,0,0,14.9464,142.8,182.24,0,0,0.26112,0.20672,12.79352,0.73984,24.48,9.3568,5.576,38.488,5.6576,0.272,61.2,59.84,0.7616,1.088,0.11152,57.12,912.56,826.88,2.07304611776,136,26,2615
"Tuna, fresh, cooked, NS as to cooking method_136g",27.2,26153110,"Tuna, fresh, cooked, NS as to cooking method",2402,Fish,225.76,40.596,0.136,0.0544,0,5.8208,65.28,27.2,0,0,0.1768,0.18224,29.20056,1.39808,2.72,3.1144,0.68,2.856,0.9928,6.12,6.8,58.48,1.292,0.612,0.0612,150.688,735.76,501.84,2.75720431912,136,26,2615
"Turkey bacon, cooked_82g",15.58,24208500,"Turkey bacon, cooked",2604,Bacon,301.76,24.19,3.4768,3.4768,0,21.2134,125.46,15.58,0,0,0.04018,0.32636,6.64364,0.30668,12.3,1.5416,0,0.984,0.1148,0,133.66,24.6,2.1566,3.8622,0.09676,23.37,546.12,1657.22,0.75417181286,82,24,2420
"Turkey ham, prepackaged or deli, luncheon meat_140g",0,25230800,"Turkey ham, prepackaged or deli, luncheon meat",2602,Cold cuts and cured meats,173.6,27.44,4.102,0,0,5.32,93.8,0,0,0,0.07,0.35,4.942,0.322,8.4,0.364,0,0,0.546,0,7,28,1.89,3.304,0.154,51.8,418.6,1453.2,0.8981534198,140,25,2523
"Turkey, ground_130g",31.2,24207000,"Turkey, ground",2206,"Turkey, duck, other poultry",261.3,35.282,0,0,0,13.403,119.6,31.2,0,0,0.0988,0.2717,11.2463,0.8164,9.1,1.729,0,0.26,0.143,0,36.4,39,1.963,4.004,0.195,40.04,379.6,520,0.6362513716,130,24,2420
"Turkey, light meat, roasted, skin eaten_135g",13.5,24201130,"Turkey, light meat, roasted, skin eaten",2206,"Turkey, duck, other poultry",228.15,38.178,0.0405,0,0,7.4925,113.4,13.5,0,0,0.04725,0.28485,15.417,0.9774,12.15,1.215,0,0.54,0.0945,0,16.2,41.85,0.9855,2.241,0.0891,39.285,333.45,633.15,0.6544810395,135,24,2420
"Turkey, light meat, roasted, skin not eaten_135g",4.05,24201120,"Turkey, light meat, roasted, skin not eaten",2206,"Turkey, duck, other poultry",187.65,38.8935,0,0,0,2.781,102.6,4.05,0,0,0.0486,0.2754,15.7302,1.03005,13.5,1.107,0,0.405,0.081,0,13.5,41.85,0.8775,2.2005,0.0837,40.365,333.45,631.8,0.7953054201,135,24,2420
"Turkey, light meat, skin eaten_135g",13.5,24201030,"Turkey, light meat, skin eaten",2206,"Turkey, duck, other poultry",228.15,38.178,0.0405,0,0,7.4925,113.4,13.5,0,0,0.04725,0.28485,15.417,0.9774,12.15,1.215,0,0.54,0.0945,0,16.2,41.85,0.9855,2.241,0.0891,39.285,333.45,633.15,0.6544810395,135,24,2420
"Turkey, light meat, skin not eaten_135g",4.05,24201020,"Turkey, light meat, skin not eaten",2206,"Turkey, duck, other poultry",187.65,38.8935,0,0,0,2.781,102.6,4.05,0,0,0.0486,0.2754,15.7302,1.03005,13.5,1.107,0,0.405,0.081,0,13.5,41.85,0.8775,2.2005,0.0837,40.365,333.45,631.8,0.7953054201,135,24,2420
"Turkey, thigh, cooked, skin eaten_135g",17.55,24202460,"Turkey, thigh, cooked, skin eaten",2206,"Turkey, duck, other poultry",245.7,32.886,0.3645,0,0,12.501,151.2,17.55,0,0,0.06615,0.4104,8.82225,0.58455,10.8,2.2275,0,0.405,0.0945,0,10.8,29.7,1.8225,4.131,0.135,37.935,345.6,618.3,0.45457311915,135,24,2420
"Turkey, thigh, cooked, skin not eaten_135g",6.75,24202500,"Turkey, thigh, cooked, skin not eaten",2206,"Turkey, duck, other poultry",217.35,36.369,0,0,0,8.073,160.65,6.75,0,0,0.0783,0.4833,9.01395,0.58455,12.15,2.214,0,0.405,0.0945,0,22.95,35.1,1.755,4.644,0.17145,41.985,303.75,619.65,0.78330816855,135,24,2420
"Turnip, raw_61g",0,75129000,"Turnip, raw",6420,Other vegetables and combinations,17.08,0.549,3.9223,2.318,1.098,0.061,0,0,0,0,0.0244,0.0183,0.244,0.0549,9.15,0,12.81,0,0.0183,0.061,18.3,6.71,0.183,0.1647,0.05185,0.427,116.51,40.87,0.13173456666,61,75,7512
"Watermelon, raw_71g",19.88,63149010,"Watermelon, raw",6014,Melons,21.3,0.4331,5.3605,4.402,0.284,0.1065,0,0,0,215.13,0.02343,0.01491,0.12638,0.03195,2.13,0,5.751,0,0.0355,0.071,4.97,7.1,0.1704,0.071,0.02982,0.284,79.52,0.71,0.11913005084,71,63,6314
Whipped topping_75g,5.25,12220200,Whipped topping,8006,"Cream cheese, sour cream, whipped cream",238.5,0.9375,17.2875,17.2875,0,18.9825,0,0,0,64.5,0,0,0,0,0,0,0,0,0.72,4.725,4.5,1.5,0.09,0.0225,0.0225,1.575,13.5,18.75,1.387448043,75,12,1222
"White beans, dry, cooked, fat not added in cooking_90g",0,41101120,"White beans, dry, cooked, fat not added in cooking",2802,"Beans, peas, legumes",124.2,8.712,22.455,0.306,5.67,0.315,0,0,0,0,0.1053,0.0414,0.1251,0.0828,72.9,0,0,0,0.846,3.15,81,56.7,3.312,1.233,0.2574,1.17,502.2,198.9,0.2166069465,90,41,4110
"Yogurt, low fat milk, plain_170g",23.8,11411200,"Yogurt, low fat milk, plain",1820,"Yogurt, regular",107.1,8.925,11.968,11.968,0,2.635,10.2,23.8,0,3.4,0.0748,0.3638,0.1938,0.0833,18.7,0.952,1.36,2.04,0.051,0.34,311.1,28.9,0.136,1.513,0.0221,5.61,397.8,119,0.5167375777,170,11,1141
"Yogurt, nonfat milk, plain_170g",3.4,11411300,"Yogurt, nonfat milk, plain",1820,"Yogurt, regular",95.2,9.741,13.056,13.056,0,0.306,3.4,3.4,0,0,0.0816,0.3978,0.2108,0.0901,20.4,1.037,1.53,2.04,0,0.34,338.3,32.3,0.153,1.649,0.0255,6.12,433.5,130.9,0.4311052865,170,11,1141
"Yogurt, soy_150g",3,41420380,"Yogurt, soy",2806,Processed soy products,141,5.25,23.94,1.86,0.3,2.7,0,0,0,30,0.09,0.03,0.36,0.03,9,0,3.75,0,0.465,5.25,177,60,1.59,0.465,0.1125,19.5,70.5,52.5,0.5184062565,150,41,4142
"Yogurt, whole milk, plain_113g",30.51,11411100,"Yogurt, whole milk, plain",1820,"Yogurt, regular",68.93,3.9211,5.2658,5.2658,0,3.6725,14.69,30.51,0,5.65,0.03277,0.16046,0.08475,0.03616,7.91,0.4181,0.565,1.356,0.0678,0.226,136.73,13.56,0.0565,0.6667,0.01017,2.486,175.15,51.98,0.39053271323,113,11,1141